Team,Season,Cumulative Won,Cumulative Lost,Cumulative Tied,Cumulative NR,Cumulative W/L,Cumulative AveRPW,Cumulative AveRPO
Afghanistan,2009/10,0,0,0,0,0.0,0.0,0.0
Afghanistan,2010,4,2,0,0,2.0,20.22,6.89
Afghanistan,2011/12,4,4,0,0,1.0,17.87,6.52
Afghanistan,2012/13,6,5,0,0,1.2,19.18,6.92
Afghanistan,2013/14,8,7,0,0,1.14,18.4,6.82
Afghanistan,2015,12,13,0,0,0.92,17.9,6.86
Afghanistan,2015/16,17,14,0,0,1.21,20.62,7.15
Afghanistan,2016/17,29,19,0,0,1.53,22.12,7.55
Afghanistan,2017,39,19,0,0,2.05,24.12,7.78
Afghanistan,2017/18,39,22,0,0,1.77,23.59,7.72
Afghanistan,2018,41,22,0,0,1.86,23.48,7.73
Afghanistan,2018/19,46,22,0,0,2.09,23.46,7.75
Afghanistan,2019,49,22,0,0,2.23,24.23,7.86
Afghanistan,2019/20,51,24,0,0,2.13,24.27,7.88
Afghanistan,2020/21,55,25,1,0,2.2,24.14,7.87
Afghanistan,2021/22,58,25,1,0,2.32,24.48,7.93
Afghanistan,2022,61,29,1,0,2.1,24.39,7.88
Afghanistan,2022/23,68,35,1,0,1.94,24.45,7.86
Afghanistan,2023,72,40,1,0,1.8,24.2,7.79
Afghanistan,2023/24,74,42,1,1,1.76,23.92,7.74
Afghanistan,2024,79,48,2,1,1.65,23.68,7.79
Argentina,2019/20,0,0,0,0,0.0,0.0,0.0
Argentina,2021/22,5,0,0,0,0.0,17.34,0.0
Argentina,2022/23,7,4,0,0,1.75,19.16,6.26
Argentina,2023/24,8,9,0,0,0.89,17.05,6.0
Argentina,2024/25,10,9,0,0,1.11,18.38,6.12
Australia,2004/05,0,0,0,0,0.0,0.0,0.0
Australia,2005,1,0,0,0,0.0,42.8,0.0
Australia,2005/06,1,1,0,0,1.0,25.35,8.07
Australia,2006/07,2,2,0,0,1.0,33.07,9.13
Australia,2007/08,3,2,0,0,1.5,35.3,9.52
Australia,2008,8,6,0,0,1.33,33.99,8.8
Australia,2008/09,8,7,0,0,1.14,33.88,8.8
Australia,2009,11,9,0,0,1.22,31.11,8.62
Australia,2009/10,11,12,0,1,0.92,29.15,8.39
Australia,2010,15,12,1,1,1.25,28.93,8.5
Australia,2010/11,21,15,1,1,1.4,27.38,8.43
Australia,2011,22,17,1,1,1.29,27.06,8.35
Australia,2011/12,22,19,1,1,1.16,26.65,8.32
Australia,2012,25,22,1,1,1.14,26.27,8.24
Australia,2012/13,26,23,2,1,1.13,25.7,8.16
Australia,2013,30,28,2,1,1.07,26.49,8.13
Australia,2013/14,31,29,2,1,1.07,26.53,8.2
Australia,2014/15,37,33,2,1,1.12,26.49,8.32
Australia,2015,40,34,2,1,1.18,26.32,8.27
Australia,2015/16,40,35,2,1,1.14,26.27,8.28
Australia,2016,44,41,2,1,1.07,26.15,8.31
Australia,2016/17,46,41,2,1,1.12,26.54,8.36
Australia,2017/18,47,43,2,1,1.09,26.46,8.37
Australia,2018,53,44,2,1,1.2,27.02,8.41
Australia,2018/19,56,47,2,1,1.19,27.25,8.46
Australia,2019/20,60,52,2,2,1.15,26.66,8.37
Australia,2020,67,53,2,3,1.26,28.43,8.43
Australia,2020/21,68,55,2,3,1.24,28.36,8.42
Australia,2021,71,60,2,3,1.18,28.23,8.44
Australia,2021/22,73,68,2,3,1.07,27.41,8.33
Australia,2022,83,70,3,3,1.19,27.55,8.32
Australia,2022/23,86,73,3,3,1.18,27.66,8.35
Australia,2023/24,91,76,3,4,1.2,27.43,8.36
Australia,2024,100,81,3,4,1.23,27.89,8.49
Austria,2019,0,0,0,0,0.0,0.0,0.0
Austria,2021,4,1,0,0,4.0,36.68,9.05
Austria,2022,8,4,0,0,2.0,30.67,8.64
Austria,2023,20,8,0,1,2.5,26.15,8.3
Austria,2024,20,17,0,2,1.18,22.51,7.61
Bahamas,2021/22,0,0,0,0,0.0,0.0,0.0
Bahamas,2022,2,4,0,0,0.5,12.09,5.71
Bahamas,2022/23,2,9,0,0,0.22,13.79,5.86
Bahrain,2018/19,0,0,0,0,0.0,0.0,0.0
Bahrain,2019/20,2,2,0,0,1.0,26.52,8.61
Bahrain,2021/22,4,4,0,0,1.0,20.85,8.1
Bahrain,2022,10,7,0,0,1.43,23.51,8.12
Bahrain,2022/23,10,11,1,0,0.91,23.07,8.01
Bahrain,2023,17,20,2,1,0.85,22.82,7.88
Bahrain,2023/24,20,22,2,1,0.91,22.42,7.72
Bahrain,2024,26,25,2,1,1.04,22.4,7.58
Bahrain,2024/25,27,28,2,1,0.96,22.5,7.66
Bangladesh,2006/07,0,0,0,0,0.0,0.0,0.0
Bangladesh,2007/08,1,0,0,0,0.0,16.6,0.0
Bangladesh,2008/09,3,6,0,0,0.5,16.51,7.33
Bangladesh,2009,3,7,0,0,0.43,16.22,7.37
Bangladesh,2009/10,3,10,0,0,0.3,16.26,7.25
Bangladesh,2010,3,11,0,0,0.27,15.66,7.05
Bangladesh,2011/12,3,13,0,0,0.23,15.65,7.02
Bangladesh,2012,4,14,0,0,0.29,15.44,6.86
Bangladesh,2012/13,8,16,0,0,0.5,16.93,7.03
Bangladesh,2013,8,20,0,0,0.4,18.84,7.22
Bangladesh,2013/14,9,21,0,0,0.43,19.05,7.29
Bangladesh,2014,11,29,0,0,0.38,19.15,7.27
Bangladesh,2015,11,29,0,1,0.38,18.68,7.25
Bangladesh,2015/16,12,31,0,1,0.39,18.53,7.23
Bangladesh,2016/17,20,40,0,2,0.5,19.62,7.32
Bangladesh,2017/18,21,44,0,2,0.48,19.66,7.37
Bangladesh,2018,23,51,0,2,0.45,19.87,7.5
Bangladesh,2018/19,25,55,0,2,0.45,19.95,7.5
Bangladesh,2019,26,57,0,2,0.46,19.95,7.54
Bangladesh,2019/20,29,58,0,2,0.5,19.95,7.55
Bangladesh,2020/21,32,62,0,2,0.52,20.75,7.57
Bangladesh,2021,32,65,0,2,0.49,20.56,7.58
Bangladesh,2021/22,41,69,0,2,0.59,20.34,7.44
Bangladesh,2022,44,79,0,2,0.56,19.98,7.36
Bangladesh,2022/23,47,85,0,3,0.55,20.39,7.41
Bangladesh,2023,54,93,0,3,0.58,20.65,7.46
Bangladesh,2023/24,58,94,0,3,0.62,20.58,7.44
Bangladesh,2024,60,97,0,4,0.62,20.63,7.46
Bangladesh,2024/25,68,104,0,4,0.65,20.61,7.44
Belgium,2019,0,0,0,0,0.0,0.0,0.0
Belgium,2020,0,3,0,0,0.0,0.0,6.2
Belgium,2021,4,3,0,0,1.33,21.03,7.7
Belgium,2022,9,6,0,0,1.5,20.18,7.4
Belgium,2023,16,7,0,0,2.29,21.1,7.78
Belgium,2024,16,11,0,0,1.45,20.61,7.86
Belize,2019,0,0,0,0,0.0,0.0,0.0
Belize,2021/22,3,0,0,0,0.0,22.56,0.0
Bermuda,2008,0,0,0,0,0.0,0.0,0.0
Bermuda,2019,0,3,0,0,0.0,0.0,4.28
Bermuda,2019/20,4,4,0,1,1.0,14.68,5.89
Bermuda,2021/22,4,10,0,1,0.4,14.16,5.97
Bermuda,2022/23,8,12,0,1,0.67,17.31,6.75
Bermuda,2023/24,14,12,0,1,1.17,27.78,7.33
Bhutan,2019/20,0,0,0,0,0.0,0.0,0.0
Bhutan,2022,0,2,0,0,0.0,0.0,5.3
Bhutan,2023,4,5,0,0,0.8,12.52,4.91
Bhutan,2023/24,6,7,0,0,0.86,13.03,5.18
Bhutan,2024/25,7,14,0,0,0.5,12.86,5.4
Botswana,2019,0,0,0,0,0.0,0.0,0.0
Botswana,2021/22,0,7,0,0,0.0,0.0,4.99
Botswana,2022,3,8,0,0,0.38,17.71,5.99
Botswana,2022/23,5,10,0,0,0.5,18.14,6.33
Botswana,2023,8,13,0,1,0.62,19.89,6.61
Botswana,2023/24,13,20,0,1,0.65,19.4,6.58
Brazil,2019/20,0,0,0,0,0.0,0.0,0.0
Brazil,2024/25,1,3,0,0,0.33,9.72,5.39
Bulgaria,2019/20,0,0,0,0,0.0,0.0,0.0
Bulgaria,2020,2,1,0,0,2.0,19.5,6.72
Bulgaria,2020/21,2,3,0,1,0.67,22.21,7.66
Bulgaria,2021,3,6,0,1,0.5,20.13,7.24
Bulgaria,2021/22,5,11,0,2,0.45,20.31,7.36
Bulgaria,2022,6,14,0,2,0.43,20.9,7.37
Bulgaria,2023,13,25,0,2,0.52,22.21,7.88
Bulgaria,2024,15,26,0,3,0.58,23.42,8.0
Cambodia,2023,0,0,0,0,0.0,0.0,0.0
Cambodia,2023/24,3,2,0,0,1.5,18.44,7.12
Cambodia,2024,10,8,0,0,1.25,22.28,7.0
Cameroon,2021/22,0,0,0,0,0.0,0.0,0.0
Cameroon,2022,0,4,0,0,0.0,0.0,3.84
Cameroon,2022/23,0,7,0,0,0.0,0.0,3.83
Cameroon,2023/24,0,13,0,1,0.0,0.0,4.54
Cameroon,2024,1,15,0,1,0.07,7.97,4.69
Canada,2008,0,0,0,0,0.0,0.0,0.0
Canada,2008/09,2,1,0,0,2.0,14.5,5.25
Canada,2009/10,2,4,1,0,0.5,13.36,5.49
Canada,2011/12,3,7,1,0,0.43,17.17,6.2
Canada,2012/13,3,11,1,0,0.27,16.15,6.17
Canada,2013/14,4,12,1,0,0.33,16.18,6.22
Canada,2019,4,14,1,0,0.29,16.83,6.34
Canada,2019/20,9,14,1,1,0.64,20.48,6.9
Canada,2021/22,12,17,1,1,0.71,20.84,7.01
Canada,2022/23,20,19,2,1,1.05,26.26,7.59
Canada,2023/24,26,20,2,1,1.3,27.65,7.82
Canada,2024,30,21,2,1,1.43,27.79,7.92
Cayman,2019,0,0,0,0,0.0,0.0,0.0
Cayman,2022,0,6,0,0,0.0,0.0,4.75
Cayman,2022/23,5,6,0,0,0.83,21.36,6.35
Cayman,2023/24,8,7,0,0,1.14,19.43,6.21
Chile,2019/20,0,0,0,0,0.0,0.0,0.0
Chile,2023/24,1,3,0,0,0.33,11.06,5.31
China,2023,0,0,0,0,0.0,0.0,0.0
China,2023/24,1,3,0,0,0.33,5.0,3.42
Cook Islands,2022,0,0,0,0,0.0,0.0,0.0
Cook Islands,2024,3,3,0,0,1.0,19.78,7.41
Costa Rica,2019,0,0,0,0,0.0,0.0,0.0
Costa Rica,2024,0,3,0,0,0.0,0.0,5.61
Croatia,2022,0,0,0,0,0.0,0.0,0.0
Croatia,2023,2,3,0,0,0.67,10.42,4.02
Croatia,2024,2,8,0,1,0.25,8.84,4.18
Cyprus,2021/22,0,0,0,0,0.0,0.0,0.0
Cyprus,2022,4,2,0,0,2.0,19.61,7.37
Cyprus,2024,6,5,0,0,1.2,18.41,7.39
Czech Rep.,2019,0,0,0,0,0.0,0.0,0.0
Czech Rep.,2019/20,3,2,0,0,1.5,28.62,9.02
Czech Rep.,2020,5,2,0,0,2.5,31.62,8.96
Czech Rep.,2021,6,5,0,0,1.2,25.5,7.76
Czech Rep.,2022,8,10,0,0,0.8,25.11,7.76
Czech Rep.,2023,18,15,0,0,1.2,25.83,8.1
Czech Rep.,2024,20,15,1,0,1.33,25.4,8.05
Denmark,2019,0,0,0,0,0.0,0.0,0.0
Denmark,2021,4,3,0,2,1.33,14.11,6.3
Denmark,2021/22,6,4,0,2,1.5,15.75,6.3
Denmark,2022,6,10,0,2,0.6,15.04,6.06
Denmark,2023,12,12,0,2,1.0,19.92,6.86
Denmark,2024,16,18,0,2,0.89,19.78,6.87
England,2005,0,0,0,0,0.0,0.0,0.0
England,2006,1,0,0,0,0.0,22.37,0.0
England,2006/07,1,2,0,0,0.5,24.4,8.06
England,2007,1,3,0,0,0.33,22.3,7.85
England,2007/08,2,4,0,0,0.5,25.03,8.32
England,2008,5,8,0,0,0.63,23.03,8.43
England,2008/09,6,8,0,0,0.75,30.46,8.34
England,2009,6,9,0,0,0.67,29.24,8.21
England,2009/10,8,12,0,1,0.67,27.22,8.06
England,2010,10,14,0,1,0.71,27.29,8.07
England,2010/11,17,15,0,2,1.13,27.44,8.01
England,2011,18,16,0,2,1.13,27.03,7.99
England,2011/12,20,18,0,2,1.11,26.59,7.92
England,2012,23,19,0,2,1.21,26.29,7.82
England,2012/13,25,20,0,3,1.25,26.25,7.83
England,2013,30,25,0,3,1.2,26.31,7.94
England,2013/14,31,27,0,4,1.15,26.9,8.07
England,2014,33,35,0,4,0.94,25.95,8.05
England,2015,34,36,0,4,0.94,25.93,8.07
England,2015/16,36,36,0,4,1.0,26.07,8.11
England,2016,42,40,1,4,1.05,25.81,8.15
England,2016/17,43,41,1,4,1.05,25.93,8.13
England,2017,44,43,1,4,1.02,25.8,8.11
England,2017/18,46,45,1,4,1.02,25.8,8.14
England,2018,47,48,1,4,0.98,25.61,8.15
England,2018/19,49,50,1,4,0.98,25.66,8.19
England,2019,53,50,1,4,1.06,25.72,8.21
England,2019/20,54,50,1,4,1.08,26.02,8.21
England,2020,58,53,2,4,1.09,26.21,8.33
England,2020/21,61,55,2,5,1.11,26.26,8.34
England,2021,66,58,2,5,1.14,26.81,8.37
England,2021/22,71,59,2,5,1.2,26.7,8.39
England,2022,77,64,2,5,1.2,26.54,8.4
England,2022/23,83,71,2,5,1.17,26.47,8.46
England,2023,90,75,2,6,1.2,26.54,8.43
England,2023/24,92,77,2,6,1.19,26.53,8.44
England,2024,94,80,2,6,1.18,26.6,8.47
Estonia,2021/22,0,0,0,0,0.0,0.0,0.0
Estonia,2022,0,6,0,0,0.0,0.0,5.6
Estonia,2023,0,12,0,0,0.0,0.0,6.05
Estonia,2024,1,13,0,0,0.08,19.44,6.4
Eswatini,2022,0,0,0,0,0.0,0.0,0.0
Eswatini,2022/23,0,6,0,0,0.0,0.0,5.37
Eswatini,2023,1,11,0,1,0.09,15.06,6.24
Eswatini,2023/24,1,14,0,1,0.07,14.42,6.19
Fiji,2022,0,0,0,0,0.0,0.0,0.0
Fiji,2022/23,3,3,0,0,1.0,16.3,7.28
Fiji,2024,5,5,0,0,1.0,17.83,7.54
Finland,2019,0,0,0,0,0.0,0.0,0.0
Finland,2021,1,4,0,0,0.25,16.58,6.91
Finland,2022,3,6,0,0,0.5,18.9,7.12
Finland,2023,10,9,0,0,1.11,17.88,7.04
Finland,2024,11,13,1,0,0.85,16.12,6.63
France,2021,0,0,0,0,0.0,0.0,0.0
France,2022,1,3,0,0,0.33,14.54,5.81
France,2023,4,5,0,0,0.8,18.0,6.78
France,2024,9,9,0,0,1.0,20.66,7.22
Gambia,2022/23,0,0,0,0,0.0,0.0,0.0
Gambia,2023/24,1,6,0,0,0.17,8.32,4.75
Gambia,2024/25,1,8,0,0,0.13,8.35,4.59
Germany,2019,0,0,0,0,0.0,0.0,0.0
Germany,2019/20,7,3,0,0,2.33,20.23,6.98
Germany,2021,8,4,0,0,2.0,22.17,7.15
Germany,2021/22,13,7,0,0,1.86,21.28,6.94
Germany,2022,17,14,0,0,1.21,20.38,6.7
Germany,2022/23,21,15,0,0,1.4,19.78,6.66
Germany,2023,24,16,0,0,1.5,21.24,6.72
Germany,2024,33,21,0,0,1.57,22.65,7.09
Ghana,2019,0,0,0,0,0.0,0.0,0.0
Ghana,2021,0,4,0,0,0.0,0.0,5.14
Ghana,2021/22,3,6,0,0,0.5,17.87,6.58
Ghana,2022,8,7,0,0,1.14,21.98,7.25
Ghana,2022/23,9,9,0,0,1.0,21.02,7.21
Ghana,2023/24,12,13,0,0,0.92,22.25,7.36
Ghana,2024,17,24,1,0,0.71,17.77,6.57
Gibraltar,2019/20,0,0,0,0,0.0,0.0,0.0
Gibraltar,2021,0,4,0,0,0.0,0.0,5.17
Gibraltar,2021/22,0,8,0,0,0.0,0.0,6.22
Gibraltar,2022,1,11,1,0,0.09,22.28,7.06
Gibraltar,2023,3,19,1,0,0.16,22.79,7.31
Gibraltar,2023/24,6,27,1,0,0.22,21.48,7.29
Gibraltar,2024,9,28,1,0,0.32,21.69,7.32
Greece,2019/20,0,0,0,0,0.0,0.0,0.0
Greece,2021,2,1,0,0,2.0,30.0,7.6
Greece,2022,3,3,0,1,1.0,23.6,8.12
Greece,2024,3,7,0,1,0.43,18.62,7.0
Guernsey,2019,0,0,0,0,0.0,0.0,0.0
Guernsey,2020,2,5,1,1,0.4,13.98,5.79
Guernsey,2022,3,5,1,1,0.6,17.63,6.09
Guernsey,2023,9,11,1,1,0.82,19.79,6.32
Guernsey,2024,11,14,1,1,0.79,20.05,6.49
Hong Kong,2013/14,0,0,0,0,0.0,0.0,0.0
Hong Kong,2014/15,1,2,0,0,0.5,12.92,5.92
Hong Kong,2015,2,2,0,0,1.0,11.97,5.36
Hong Kong,2015/16,5,3,0,0,1.67,15.21,5.96
Hong Kong,2016,8,12,0,0,0.67,17.71,6.66
Hong Kong,2016/17,9,12,0,0,0.75,18.48,6.75
Hong Kong,2019/20,10,14,0,0,0.71,18.89,6.83
Hong Kong,2022,16,28,0,0,0.57,18.63,6.9
Hong Kong,2022/23,21,33,0,0,0.64,18.76,6.9
Hong Kong,2023,25,33,0,0,0.76,19.1,6.95
Hong Kong,2023/24,27,38,0,0,0.71,18.6,6.84
Hong Kong,2024,36,45,1,1,0.8,19.7,7.15
Hungary,2021,0,0,0,0,0.0,0.0,0.0
Hungary,2022,2,2,0,0,1.0,25.92,8.95
Hungary,2023,6,10,0,1,0.6,20.24,7.85
Hungary,2024,8,12,1,1,0.67,19.84,7.91
ICC World XI,2018,0,0,0,0,0.0,0.0,0.0
India,2006/07,0,0,0,0,0.0,0.0,0.0
India,2007/08,1,0,0,0,0.0,31.75,0.0
India,2008/09,6,2,1,1,3.0,26.18,8.02
India,2009,7,4,1,1,1.75,25.47,8.05
India,2009/10,9,7,1,1,1.29,25.74,7.89
India,2010,10,8,1,1,1.25,26.22,8.12
India,2010/11,14,11,1,1,1.27,26.14,8.1
India,2011,15,11,1,1,1.36,26.21,8.11
India,2011/12,16,12,1,1,1.33,25.81,8.11
India,2012,17,15,1,1,1.13,26.0,7.97
India,2012/13,18,16,1,1,1.13,27.1,7.97
India,2013/14,24,19,1,1,1.26,27.21,7.99
India,2014,30,20,1,1,1.5,28.87,7.98
India,2015,30,21,1,1,1.43,29.0,7.99
India,2015/16,31,22,1,1,1.41,28.76,7.99
India,2016,44,27,1,1,1.63,28.86,7.96
India,2016/17,46,29,1,2,1.59,29.68,8.02
India,2017,48,30,1,2,1.6,29.45,8.03
India,2017/18,49,31,1,2,1.58,29.72,8.06
India,2018,61,35,1,2,1.74,30.26,8.18
India,2018/19,65,36,1,2,1.81,31.16,8.24
India,2019,70,41,1,3,1.71,31.22,8.27
India,2019/20,73,41,1,3,1.78,31.18,8.25
India,2020/21,83,44,3,4,1.89,31.78,8.33
India,2021,88,47,3,4,1.87,31.76,8.36
India,2021/22,89,49,3,4,1.82,31.54,8.32
India,2022,101,51,3,4,1.98,32.26,8.38
India,2022/23,116,58,3,5,2.0,32.06,8.49
India,2023,127,63,4,5,2.02,31.93,8.53
India,2023/24,133,66,4,6,2.02,31.97,8.54
India,2024,140,68,5,6,2.06,32.02,8.61
India,2024/25,154,69,6,6,2.23,31.8,8.61
Indonesia,2022/23,0,0,0,0,0.0,0.0,0.0
Indonesia,2023,4,3,0,0,1.33,13.6,5.73
Indonesia,2023/24,5,5,0,0,1.0,15.01,5.84
Indonesia,2024,12,13,1,0,0.92,18.59,6.69
Indonesia,2024/25,17,20,1,0,0.85,17.29,6.33
Iran,2019/20,0,0,0,0,0.0,0.0,0.0
Ireland,2008,0,0,0,0,0.0,0.0,0.0
Ireland,2009,3,0,0,1,0.0,12.26,0.0
Ireland,2009/10,4,4,0,1,1.0,14.51,5.86
Ireland,2010,7,7,0,1,1.0,16.44,6.41
Ireland,2011/12,7,8,0,2,0.88,15.38,6.13
Ireland,2012,15,8,0,2,1.88,21.42,6.62
Ireland,2012/13,15,11,0,2,1.36,21.09,6.63
Ireland,2013/14,15,12,0,3,1.25,20.98,6.62
Ireland,2015,20,14,0,3,1.43,22.24,6.86
Ireland,2015/16,21,19,0,5,1.11,21.58,6.86
Ireland,2016,24,23,0,6,1.04,20.67,6.88
Ireland,2016/17,24,24,0,6,1.0,20.52,6.88
Ireland,2018,26,29,0,6,0.9,20.44,7.04
Ireland,2018/19,27,35,1,6,0.77,20.12,7.11
Ireland,2019,29,39,1,6,0.74,20.51,7.23
Ireland,2019/20,32,41,1,6,0.78,20.92,7.39
Ireland,2021,41,48,2,7,0.85,21.25,7.52
Ireland,2021/22,44,53,2,7,0.83,21.16,7.49
Ireland,2022,52,61,2,7,0.85,21.05,7.46
Ireland,2022/23,55,70,2,7,0.79,20.97,7.55
Ireland,2023,60,78,2,7,0.77,20.84,7.56
Ireland,2023/24,64,81,2,7,0.79,21.19,7.61
Ireland,2024,67,84,2,7,0.8,21.15,7.6
Ireland,2024/25,71,89,2,7,0.8,21.15,7.6
Isle of Man,2020,0,0,0,0,0.0,0.0,0.0
Isle of Man,2021/22,0,1,0,0,0.0,0.0,5.0
Isle of Man,2022,4,1,0,0,4.0,25.58,7.33
Isle of Man,2022/23,8,2,0,0,4.0,24.93,7.58
Isle of Man,2023,8,7,0,1,1.14,19.01,6.68
Isle of Man,2024,10,7,0,2,1.43,20.08,6.76
Israel,2022,0,0,0,0,0.0,0.0,0.0
Israel,2024,1,3,0,0,0.33,18.14,6.35
Italy,2019,0,0,0,0,0.0,0.0,0.0
Italy,2021/22,5,2,0,1,2.5,17.2,6.79
Italy,2022,8,5,0,1,1.6,16.72,6.31
Italy,2022/23,13,5,0,1,2.6,21.02,6.95
Italy,2023,14,8,0,1,1.75,21.7,6.99
Italy,2024,17,10,0,1,1.7,20.97,7.15
Japan,2022/23,0,0,0,0,0.0,0.0,0.0
Japan,2023,5,2,0,0,2.5,19.17,8.16
Japan,2023/24,9,6,0,0,1.5,16.72,7.23
Japan,2024,13,12,0,0,1.08,20.11,7.69
Jersey,2019,0,0,0,0,0.0,0.0,0.0
Jersey,2019/20,6,1,1,0,6.0,25.46,7.42
Jersey,2021/22,9,7,1,0,1.29,21.47,7.19
Jersey,2022,15,7,1,0,2.14,20.87,6.9
Jersey,2023,20,10,1,0,2.0,22.12,7.12
Jersey,2024,25,13,1,0,1.92,21.81,7.25
Kenya,2007/08,0,0,0,0,0.0,0.0,0.0
Kenya,2008,0,4,0,0,0.0,0.0,5.14
Kenya,2009/10,1,7,0,0,0.14,11.29,5.22
Kenya,2011/12,4,8,0,0,0.5,22.89,6.23
Kenya,2012/13,4,13,0,0,0.31,20.02,6.11
Kenya,2013,5,14,0,0,0.36,19.66,6.16
Kenya,2013/14,7,16,0,0,0.44,19.37,6.25
Kenya,2019,10,19,0,0,0.53,18.66,6.28
Kenya,2019/20,13,19,0,0,0.68,19.73,6.39
Kenya,2021,15,23,0,0,0.65,19.33,6.39
Kenya,2021/22,18,26,0,1,0.69,19.37,6.51
Kenya,2022,22,28,0,1,0.79,20.46,6.67
Kenya,2022/23,26,33,0,1,0.79,20.48,6.72
Kenya,2023,31,33,0,3,0.94,23.4,7.06
Kenya,2023/24,37,37,0,3,1.0,23.33,7.05
Kenya,2024,48,43,0,3,1.12,22.87,7.05
Kenya,2024/25,56,45,0,3,1.24,23.29,7.2
Kuwait,2018/19,0,0,0,0,0.0,0.0,0.0
Kuwait,2019,2,1,1,0,2.0,27.71,8.35
Kuwait,2019/20,4,4,2,0,1.0,24.37,8.21
Kuwait,2021/22,7,6,2,0,1.17,25.54,8.22
Kuwait,2022,9,8,2,0,1.13,24.27,8.17
Kuwait,2022/23,15,9,3,0,1.67,23.8,8.46
Kuwait,2023,16,12,3,0,1.33,23.31,8.36
Kuwait,2023/24,18,15,3,0,1.2,22.82,8.21
Kuwait,2024,27,20,3,0,1.35,22.43,8.02
Lesotho,2021/22,0,0,0,0,0.0,0.0,0.0
Lesotho,2022/23,0,6,0,0,0.0,0.0,6.35
Lesotho,2023/24,2,10,0,1,0.2,11.92,6.3
Lesotho,2024,4,13,0,1,0.31,13.31,6.38
Luxembourg,2019,0,0,0,0,0.0,0.0,0.0
Luxembourg,2020,1,3,0,0,0.33,16.87,6.42
Luxembourg,2021,2,6,0,0,0.33,18.06,6.63
Luxembourg,2022,7,9,0,0,0.78,23.05,7.22
Luxembourg,2023,11,16,0,0,0.69,20.17,6.94
Luxembourg,2023/24,15,23,0,0,0.65,19.86,7.09
Luxembourg,2024,16,24,0,0,0.67,19.73,7.13
Malawi,2019/20,0,0,0,0,0.0,0.0,0.0
Malawi,2021/22,5,1,0,1,5.0,23.87,7.41
Malawi,2022,9,3,0,1,3.0,25.7,6.97
Malawi,2022/23,10,5,0,1,2.0,25.06,6.76
Malawi,2023,14,6,0,3,2.33,27.19,7.04
Malawi,2023/24,16,7,0,3,2.29,26.11,6.88
Malawi,2024,18,10,0,3,1.8,24.87,6.69
Malawi,2024/25,24,14,0,3,1.71,25.37,6.79
Malaysia,2019,0,0,0,0,0.0,0.0,0.0
Malaysia,2019/20,4,5,0,1,0.8,18.97,7.55
Malaysia,2021,13,10,0,1,1.3,20.97,7.6
Malaysia,2021/22,13,13,1,1,1.0,20.31,7.64
Malaysia,2022,14,16,1,1,0.88,20.68,7.67
Malaysia,2022/23,23,17,1,1,1.35,23.36,8.03
Malaysia,2023,30,20,1,2,1.5,24.16,8.18
Malaysia,2023/24,40,24,1,2,1.67,23.95,8.22
Malaysia,2024,45,29,1,2,1.55,23.48,8.04
Maldives,2018/19,0,0,0,0,0.0,0.0,0.0
Maldives,2019,0,4,0,0,0.0,0.0,6.55
Maldives,2019/20,1,6,0,1,0.17,16.87,6.79
Maldives,2021/22,2,11,0,1,0.18,16.08,6.22
Maldives,2022,2,15,0,1,0.13,14.52,5.81
Maldives,2023,4,19,0,1,0.21,14.13,5.75
Maldives,2023/24,5,20,0,1,0.25,14.0,5.7
Maldives,2024,7,32,0,1,0.22,14.42,5.84
Maldives,2024/25,9,36,0,1,0.25,14.77,5.86
Mali,2022/23,0,0,0,0,0.0,0.0,0.0
Mali,2023/24,0,5,0,2,0.0,0.0,4.05
Mali,2024,0,8,0,2,0.0,0.0,3.98
Malta,2019,0,0,0,0,0.0,0.0,0.0
Malta,2019/20,0,2,0,0,0.0,0.0,4.89
Malta,2020,0,4,0,0,0.0,0.0,6.22
Malta,2021,2,4,0,1,0.5,23.8,7.98
Malta,2021/22,7,12,0,1,0.58,20.97,7.54
Malta,2022,10,13,1,1,0.77,21.51,7.76
Malta,2023,17,19,1,1,0.89,21.27,7.82
Malta,2024,25,32,1,1,0.78,20.55,7.78
Mexico,2019,0,0,0,0,0.0,0.0,0.0
Mexico,2019/20,1,2,0,0,0.5,16.22,6.01
Mexico,2023/24,3,5,0,0,0.6,13.94,5.72
Mexico,2024,4,6,0,0,0.67,14.75,5.77
Mexico,2024/25,7,8,0,0,0.88,13.67,5.43
Mongolia,2023,0,0,0,0,0.0,0.0,0.0
Mongolia,2024,0,2,0,0,0.0,0.0,3.04
Mozambique,2019/20,0,0,0,0,0.0,0.0,0.0
Mozambique,2021/22,1,5,0,1,0.2,16.3,6.72
Mozambique,2022,2,8,0,1,0.25,16.54,6.83
Mozambique,2022/23,8,11,0,1,0.73,20.37,7.14
Mozambique,2023,13,13,0,1,1.0,22.81,6.96
Mozambique,2023/24,14,15,0,1,0.93,21.94,6.74
Mozambique,2024/25,15,17,0,1,0.88,21.24,6.65
Myanmar,2023,0,0,0,0,0.0,0.0,0.0
Myanmar,2023/24,0,4,0,0,0.0,0.0,3.13
Myanmar,2024,1,6,0,0,0.17,7.25,3.43
Namibia,2019,0,0,0,0,0.0,0.0,0.0
Namibia,2019/20,7,0,0,0,0.0,40.08,0.0
Namibia,2021,12,4,0,0,3.0,28.22,8.28
Namibia,2021/22,15,4,0,0,3.75,29.79,8.29
Namibia,2022,21,9,0,0,2.33,26.51,7.75
Namibia,2022/23,26,12,0,0,2.17,27.12,7.7
Namibia,2023/24,27,14,0,0,1.93,26.61,7.65
Namibia,2024,39,19,0,1,2.05,27.37,7.71
Nepal,2013/14,0,0,0,0,0.0,0.0,0.0
Nepal,2014/15,2,1,0,0,2.0,23.11,6.93
Nepal,2015,2,2,0,0,1.0,19.13,6.1
Nepal,2018,3,8,0,0,0.38,14.15,5.66
Nepal,2018/19,3,8,0,1,0.38,12.97,5.19
Nepal,2019,5,9,0,1,0.56,13.68,5.55
Nepal,2019/20,9,11,0,1,0.82,15.99,6.2
Nepal,2021,16,17,0,1,0.94,17.49,6.67
Nepal,2021/22,20,18,0,1,1.11,21.77,7.16
Nepal,2022,30,21,0,1,1.43,22.91,7.35
Nepal,2023,33,23,0,1,1.43,22.5,7.31
Nepal,2023/24,35,24,0,1,1.46,23.23,7.53
Nepal,2024,45,31,1,2,1.45,23.61,7.77
Nepal,2024/25,51,38,1,2,1.34,22.9,7.69
Netherlands,2008,0,0,0,0,0.0,0.0,0.0
Netherlands,2009,2,1,0,1,2.0,18.0,6.35
Netherlands,2009/10,3,2,0,1,1.5,17.33,6.51
Netherlands,2011/12,6,3,0,1,2.0,19.04,6.64
Netherlands,2012,8,5,0,1,1.6,19.83,6.79
Netherlands,2013,9,6,0,1,1.5,19.5,6.8
Netherlands,2013/14,9,8,0,1,1.13,19.44,6.86
Netherlands,2015,15,13,0,1,1.15,21.35,7.15
Netherlands,2015/16,21,15,0,1,1.4,22.22,7.23
Netherlands,2016/17,23,17,0,2,1.35,21.62,7.23
Netherlands,2018,24,19,0,2,1.26,21.2,7.22
Netherlands,2018/19,26,21,0,3,1.24,21.2,7.33
Netherlands,2019,28,22,0,3,1.27,22.03,7.4
Netherlands,2019/20,30,28,1,3,1.07,22.16,7.49
Netherlands,2021,39,32,1,3,1.22,22.77,7.5
Netherlands,2021/22,41,34,2,3,1.21,23.06,7.54
Netherlands,2022,41,37,2,3,1.11,22.7,7.5
Netherlands,2022/23,45,40,2,3,1.13,22.84,7.5
Netherlands,2023/24,49,44,2,3,1.11,22.39,7.41
Netherlands,2024,52,45,2,4,1.16,22.74,7.5
New Zealand,2004/05,0,0,0,0,0.0,0.0,0.0
New Zealand,2005/06,0,1,0,0,0.0,0.0,8.5
New Zealand,2006/07,1,1,1,0,1.0,19.0,7.39
New Zealand,2007/08,2,2,1,0,1.0,19.95,7.32
New Zealand,2008,5,9,1,0,0.56,18.99,7.63
New Zealand,2008/09,5,10,1,0,0.5,18.66,7.54
New Zealand,2009,8,11,2,0,0.73,20.87,7.69
New Zealand,2009/10,12,14,2,0,0.86,20.85,7.69
New Zealand,2010,13,17,3,0,0.76,21.07,7.69
New Zealand,2010/11,17,20,3,0,0.85,20.48,7.48
New Zealand,2011/12,19,21,3,0,0.9,20.35,7.5
New Zealand,2012,24,23,3,0,1.04,23.74,7.73
New Zealand,2012/13,25,25,3,0,1.0,23.47,7.72
New Zealand,2013,28,31,5,1,0.9,23.13,7.73
New Zealand,2013/14,29,31,5,2,0.94,23.94,7.8
New Zealand,2014,34,34,5,2,1.0,24.07,7.83
New Zealand,2014/15,35,35,5,2,1.0,23.89,7.81
New Zealand,2015,36,36,5,2,1.0,23.76,7.79
New Zealand,2015/16,38,38,5,2,1.0,23.67,7.83
New Zealand,2016/17,46,40,5,2,1.15,24.19,7.9
New Zealand,2017/18,49,41,5,2,1.2,24.25,7.94
New Zealand,2018/19,54,49,5,3,1.1,24.58,8.07
New Zealand,2019,57,53,5,3,1.08,24.59,8.11
New Zealand,2019/20,59,54,5,3,1.09,24.49,8.1
New Zealand,2020/21,61,59,8,3,1.03,24.5,8.15
New Zealand,2021,71,62,8,4,1.15,25.3,8.29
New Zealand,2021/22,73,65,8,4,1.12,25.01,8.21
New Zealand,2022,78,70,8,4,1.11,25.22,8.19
New Zealand,2022/23,87,71,8,4,1.23,25.83,8.27
New Zealand,2023,96,78,10,4,1.23,25.84,8.27
New Zealand,2023/24,102,83,10,5,1.23,25.72,8.27
New Zealand,2024,107,88,10,6,1.22,25.63,8.28
Nigeria,2019,0,0,0,0,0.0,0.0,0.0
Nigeria,2019/20,2,1,0,0,2.0,15.6,6.54
Nigeria,2021,2,7,0,0,0.29,13.39,5.25
Nigeria,2021/22,3,12,0,0,0.25,14.64,5.44
Nigeria,2022/23,8,19,0,0,0.42,14.13,5.55
Nigeria,2023/24,14,19,0,1,0.74,16.2,5.91
Nigeria,2024,26,24,0,2,1.08,15.94,5.95
Norway,2019,0,0,0,0,0.0,0.0,0.0
Norway,2021,0,5,0,0,0.0,0.0,5.45
Norway,2022,2,8,0,0,0.25,14.73,5.92
Norway,2023,6,13,0,0,0.46,15.68,6.37
Norway,2024,9,15,0,0,0.6,15.93,6.51
Oman,2015,0,0,0,0,0.0,0.0,0.0
Oman,2015/16,0,1,0,0,0.0,0.0,6.35
Oman,2016/17,4,8,0,1,0.5,19.39,6.99
Oman,2018/19,5,11,0,1,0.45,19.17,7.06
Oman,2019/20,5,14,0,1,0.36,19.04,7.06
Oman,2021/22,16,19,0,1,0.84,20.64,7.12
Oman,2022/23,20,26,0,1,0.77,20.18,7.05
Oman,2023,23,30,0,1,0.77,21.0,7.25
Oman,2023/24,27,32,0,1,0.84,21.11,7.32
Oman,2024,33,33,1,1,1.0,21.39,7.36
P.N.G.,2015,0,0,0,0,0.0,0.0,0.0
P.N.G.,2015/16,2,1,0,0,2.0,21.87,6.6
P.N.G.,2017,3,3,0,0,1.0,16.65,6.21
P.N.G.,2018/19,3,6,0,0,0.5,16.16,6.31
P.N.G.,2019,6,6,0,1,1.0,34.5,7.56
P.N.G.,2019/20,11,6,0,1,1.83,29.46,7.67
P.N.G.,2021/22,17,8,0,1,2.13,27.52,7.61
P.N.G.,2022,18,17,0,1,1.06,25.0,7.69
P.N.G.,2023,21,21,0,1,1.0,24.25,7.78
P.N.G.,2023/24,31,21,0,1,1.48,24.42,7.82
P.N.G.,2024,35,25,0,1,1.4,24.49,7.81
Pakistan,2006,0,0,0,0,0.0,0.0,0.0
Pakistan,2006/07,1,0,0,0,0.0,29.6,0.0
Pakistan,2007/08,1,1,0,0,1.0,22.86,7.37
Pakistan,2008/09,9,2,1,0,4.5,25.94,8.19
Pakistan,2009,12,3,1,0,4.0,24.87,7.79
Pakistan,2009/10,19,5,1,0,3.8,26.31,7.71
Pakistan,2010,22,7,1,0,3.14,25.24,7.63
Pakistan,2010/11,26,13,1,0,2.0,24.04,7.6
Pakistan,2011,27,17,1,0,1.59,23.2,7.54
Pakistan,2011/12,29,18,1,0,1.61,23.26,7.57
Pakistan,2012,32,20,1,0,1.6,22.89,7.49
Pakistan,2012/13,34,22,2,0,1.55,22.3,7.35
Pakistan,2013,40,25,2,0,1.6,22.55,7.42
Pakistan,2013/14,44,25,2,0,1.76,22.98,7.45
Pakistan,2014/15,49,31,2,0,1.58,22.77,7.45
Pakistan,2015,50,33,2,0,1.52,22.55,7.41
Pakistan,2015/16,54,34,2,0,1.59,22.75,7.47
Pakistan,2016,60,43,3,0,1.4,22.48,7.48
Pakistan,2016/17,61,43,3,0,1.42,23.57,7.49
Pakistan,2017,64,43,3,0,1.49,24.42,7.5
Pakistan,2017/18,67,44,3,0,1.52,24.28,7.47
Pakistan,2018,74,46,3,0,1.61,24.67,7.53
Pakistan,2018/19,83,47,3,0,1.77,25.59,7.64
Pakistan,2019,90,49,3,0,1.84,25.59,7.67
Pakistan,2019/20,90,50,3,0,1.8,25.61,7.68
Pakistan,2020,92,55,3,1,1.67,25.31,7.64
Pakistan,2020/21,93,56,3,2,1.66,25.76,7.68
Pakistan,2021,99,59,3,2,1.68,25.95,7.71
Pakistan,2021/22,106,63,3,5,1.68,25.86,7.75
Pakistan,2022,117,65,3,5,1.8,26.57,7.79
Pakistan,2022/23,123,72,3,5,1.71,26.35,7.81
Pakistan,2023,132,78,3,5,1.69,26.19,7.79
Pakistan,2023/24,135,82,3,6,1.65,26.0,7.82
Pakistan,2024,136,86,3,6,1.58,25.89,7.83
Panama,2019,0,0,0,0,0.0,0.0,0.0
Panama,2021/22,2,1,0,0,2.0,24.05,7.34
Panama,2022/23,3,6,0,0,0.5,15.83,5.84
Panama,2023/24,4,9,0,0,0.44,15.64,5.98
Peru,2019/20,0,0,0,0,0.0,0.0,0.0
Philippines,2018/19,0,0,0,0,0.0,0.0,0.0
Philippines,2021/22,1,2,0,1,0.5,11.65,4.95
Philippines,2023,1,7,0,1,0.14,11.08,4.67
Philippines,2023/24,2,14,0,1,0.14,12.46,5.06
Philippines,2024,5,16,1,1,0.31,14.48,5.74
Portugal,2019/20,0,0,0,0,0.0,0.0,0.0
Portugal,2021,2,2,0,0,1.0,15.81,5.65
Portugal,2022,6,2,0,0,3.0,22.26,7.54
Portugal,2023,9,4,0,0,2.25,20.04,7.15
Portugal,2024,18,4,0,0,4.5,23.59,7.89
Qatar,2018/19,0,0,0,0,0.0,0.0,0.0
Qatar,2019,3,1,1,0,3.0,31.16,8.62
Qatar,2019/20,6,4,2,0,1.5,25.62,8.14
Qatar,2021/22,13,7,2,0,1.86,26.3,7.93
Qatar,2022/23,16,8,2,0,2.0,25.77,7.89
Qatar,2023,19,10,2,2,1.9,26.15,8.03
Qatar,2023/24,22,12,2,2,1.83,25.59,7.9
Qatar,2024,25,17,3,2,1.47,25.28,7.9
Romania,2019,0,0,0,0,0.0,0.0,0.0
Romania,2020/21,3,1,0,0,3.0,24.28,8.03
Romania,2021,6,2,0,0,3.0,23.8,8.13
Romania,2022,15,2,0,0,7.5,26.0,9.45
Romania,2023,21,7,0,0,3.0,25.45,8.83
Romania,2024,25,13,0,0,1.92,24.36,8.54
Rwanda,2021,0,0,0,0,0.0,0.0,0.0
Rwanda,2021/22,2,3,0,0,0.67,18.14,7.28
Rwanda,2022/23,5,6,0,0,0.83,17.02,7.48
Rwanda,2023,11,23,0,1,0.48,14.01,6.34
Rwanda,2023/24,14,41,0,1,0.34,13.95,6.39
Rwanda,2024,21,53,1,2,0.4,13.37,6.07
Rwanda,2024/25,22,58,1,2,0.38,14.41,6.16
Samoa,2019,0,0,0,0,0.0,0.0,0.0
Samoa,2022,1,3,0,0,0.33,14.83,6.37
Samoa,2022/23,2,8,0,0,0.25,16.43,6.75
Samoa,2024,2,11,0,0,0.18,16.11,6.84
Saudi Arabia,2018/19,0,0,0,0,0.0,0.0,0.0
Saudi Arabia,2019/20,3,2,0,0,1.5,25.03,8.58
Saudi Arabia,2021/22,4,4,0,0,1.0,22.39,8.16
Saudi Arabia,2022/23,6,6,0,0,1.0,22.44,7.87
Saudi Arabia,2023,8,11,0,0,0.73,20.5,7.34
Saudi Arabia,2023/24,8,16,0,0,0.5,19.52,7.18
Saudi Arabia,2024,22,17,0,0,1.29,26.53,7.83
Scotland,2007/08,0,0,0,0,0.0,0.0,0.0
Scotland,2008,0,1,0,1,0.0,0.0,6.05
Scotland,2009,2,3,0,1,0.67,17.68,5.8
Scotland,2009/10,2,5,0,1,0.4,16.3,6.23
Scotland,2011/12,2,9,0,1,0.22,14.79,6.07
Scotland,2012,4,11,0,1,0.36,17.07,6.49
Scotland,2012/13,5,11,0,1,0.45,17.43,6.59
Scotland,2013,5,13,0,1,0.38,17.57,6.54
Scotland,2013/14,7,13,0,1,0.54,18.21,6.46
Scotland,2015,8,16,0,1,0.5,18.73,6.64
Scotland,2015/16,12,18,0,3,0.67,20.43,7.24
Scotland,2016/17,15,22,0,3,0.68,20.12,7.28
Scotland,2018,18,23,0,3,0.78,20.6,7.33
Scotland,2018/19,20,26,1,3,0.77,21.85,7.48
Scotland,2019,22,27,1,3,0.81,22.43,7.53
Scotland,2019/20,24,29,1,3,0.83,23.51,7.72
Scotland,2021,29,32,1,3,0.91,23.73,7.79
Scotland,2021/22,30,34,1,3,0.88,23.67,7.78
Scotland,2022,34,40,1,3,0.85,22.95,7.65
Scotland,2022/23,34,42,1,3,0.81,22.83,7.66
Scotland,2023,35,44,1,3,0.8,23.06,7.66
Scotland,2023/24,41,44,1,3,0.93,24.47,7.85
Scotland,2024,43,45,1,3,0.96,24.13,7.79
Serbia,2019/20,0,0,0,0,0.0,0.0,0.0
Serbia,2021,0,2,0,0,0.0,0.0,5.88
Serbia,2022,0,6,0,0,0.0,0.0,6.35
Serbia,2023,4,14,0,0,0.29,21.64,7.17
Serbia,2023/24,7,14,0,1,0.5,23.23,7.49
Serbia,2024,7,16,0,1,0.44,22.35,7.27
Seychelles,2021/22,0,0,0,0,0.0,0.0,0.0
Seychelles,2022/23,2,4,0,0,0.5,13.9,5.69
Seychelles,2024/25,2,8,0,3,0.25,15.95,6.03
Sierra Leone,2021/22,0,0,0,0,0.0,0.0,0.0
Sierra Leone,2022/23,3,7,0,0,0.43,11.82,4.83
Sierra Leone,2023/24,7,10,0,0,0.7,12.28,5.44
Singapore,2019,0,0,0,0,0.0,0.0,0.0
Singapore,2019/20,3,0,0,0,0.0,31.53,0.0
Singapore,2022,9,6,0,0,1.5,24.27,8.16
Singapore,2022/23,11,17,0,0,0.65,21.26,7.72
Singapore,2023,11,23,1,0,0.48,20.27,7.55
Singapore,2023/24,14,25,1,0,0.56,20.13,7.56
Singapore,2024,17,30,1,0,0.57,20.43,7.63
Slovenia,2022,0,0,0,0,0.0,0.0,0.0
Slovenia,2024,0,4,0,0,0.0,0.0,5.44
South Africa,2005/06,0,0,0,0,0.0,0.0,0.0
South Africa,2006/07,1,2,0,0,0.5,18.66,7.72
South Africa,2007/08,2,3,0,0,0.67,22.66,7.91
South Africa,2008/09,8,5,0,0,1.6,23.18,7.64
South Africa,2009,11,7,0,0,1.57,22.88,7.73
South Africa,2009/10,16,8,0,0,2.0,24.25,7.72
South Africa,2010,17,9,0,0,1.89,25.53,7.98
South Africa,2010/11,21,12,0,0,1.75,24.64,7.82
South Africa,2011/12,25,13,0,0,1.92,25.22,7.86
South Africa,2012,29,15,0,0,1.93,25.91,7.97
South Africa,2012/13,30,16,0,1,1.88,25.66,7.93
South Africa,2013,34,21,0,1,1.62,25.33,7.93
South Africa,2013/14,36,22,0,1,1.64,25.47,7.88
South Africa,2014/15,42,27,0,1,1.56,25.94,7.91
South Africa,2015,44,31,0,1,1.42,26.48,7.94
South Africa,2015/16,47,32,0,1,1.47,26.69,7.93
South Africa,2016/17,54,36,0,1,1.5,27.71,8.03
South Africa,2017,56,38,0,1,1.47,27.5,8.05
South Africa,2017/18,57,40,0,1,1.43,27.47,8.05
South Africa,2018,60,42,0,1,1.43,27.84,8.13
South Africa,2018/19,60,43,0,1,1.4,27.67,8.1
South Africa,2019/20,67,44,1,1,1.52,27.9,8.15
South Africa,2020/21,70,49,1,1,1.43,27.65,8.16
South Africa,2021,71,54,1,1,1.31,27.76,8.18
South Africa,2021/22,81,59,1,1,1.37,27.94,8.21
South Africa,2022,85,60,1,1,1.42,28.0,8.18
South Africa,2022/23,91,63,1,2,1.44,28.03,8.23
South Africa,2023/24,95,69,1,3,1.38,28.19,8.33
South Africa,2024,96,73,1,3,1.32,27.88,8.34
South Africa,2024/25,104,80,1,3,1.3,27.4,8.27
South Korea,2022/23,0,0,0,0,0.0,0.0,0.0
South Korea,2024,0,4,0,0,0.0,0.0,5.75
Spain,2019,0,0,0,0,0.0,0.0,0.0
Spain,2019/20,4,1,0,0,4.0,28.32,8.24
Spain,2021,9,2,0,0,4.5,30.82,7.39
Spain,2022,11,3,0,0,3.67,27.93,7.15
Spain,2022/23,17,6,0,0,2.83,24.69,7.08
Spain,2024,24,8,0,1,3.0,24.69,7.38
Sri Lanka,2006,0,0,0,0,0.0,0.0,0.0
Sri Lanka,2006/07,1,0,0,0,0.0,16.3,0.0
Sri Lanka,2007/08,2,1,0,0,2.0,16.16,7.6
Sri Lanka,2008/09,5,3,0,0,1.67,21.82,8.14
Sri Lanka,2009,8,5,0,0,1.6,22.41,7.84
Sri Lanka,2009/10,14,9,0,0,1.56,22.29,7.75
Sri Lanka,2010,15,10,0,0,1.5,23.32,7.97
Sri Lanka,2010/11,19,14,0,0,1.36,22.8,7.73
Sri Lanka,2011,20,14,0,0,1.43,23.45,7.75
Sri Lanka,2011/12,23,14,0,0,1.64,24.62,7.81
Sri Lanka,2012,23,15,0,0,1.53,24.34,7.8
Sri Lanka,2012/13,24,17,0,0,1.41,23.5,7.67
Sri Lanka,2013,31,19,1,1,1.63,24.64,7.73
Sri Lanka,2013/14,32,21,1,1,1.52,24.36,7.67
Sri Lanka,2014,41,23,1,1,1.78,25.05,7.72
Sri Lanka,2015,42,23,1,1,1.83,25.07,7.74
Sri Lanka,2015/16,42,25,1,1,1.68,25.0,7.75
Sri Lanka,2016,46,36,1,1,1.28,23.81,7.63
Sri Lanka,2016/17,46,39,1,1,1.18,23.53,7.63
Sri Lanka,2017,51,42,1,1,1.21,23.36,7.67
Sri Lanka,2017/18,51,43,1,1,1.19,23.37,7.68
Sri Lanka,2018,54,52,1,1,1.04,23.1,7.74
Sri Lanka,2018/19,55,52,1,1,1.06,23.02,7.73
Sri Lanka,2019,55,56,2,1,0.98,22.71,7.74
Sri Lanka,2019/20,56,58,2,1,0.97,22.69,7.74
Sri Lanka,2020/21,59,65,2,2,0.91,22.33,7.71
Sri Lanka,2021,60,67,2,2,0.9,22.33,7.69
Sri Lanka,2021/22,62,74,2,2,0.84,21.88,7.59
Sri Lanka,2022,68,83,3,2,0.82,22.04,7.6
Sri Lanka,2022/23,74,86,3,2,0.86,22.0,7.61
Sri Lanka,2023,79,94,4,2,0.84,21.95,7.63
Sri Lanka,2023/24,79,95,4,2,0.83,21.88,7.62
Sri Lanka,2024,85,98,4,2,0.87,22.24,7.68
Sri Lanka,2024/25,86,102,5,2,0.84,22.07,7.67
St Helena,2022/23,0,0,0,0,0.0,0.0,0.0
Swaziland,2021/22,0,0,0,0,0.0,0.0,0.0
Sweden,2021,0,0,0,0,0.0,0.0,0.0
Sweden,2022,3,4,0,0,0.75,19.08,6.89
Sweden,2023,6,10,0,0,0.6,17.34,6.47
Sweden,2024,8,12,1,0,0.67,17.0,6.54
Switzerland,2021/22,0,0,0,0,0.0,0.0,0.0
Switzerland,2022,3,1,0,0,3.0,26.8,8.83
Switzerland,2023,6,5,0,0,1.2,21.94,7.89
Switzerland,2024,12,6,0,0,2.0,28.44,8.05
Tanzania,2021/22,0,0,0,0,0.0,0.0,0.0
Tanzania,2022,7,3,0,0,2.33,22.05,8.37
Tanzania,2022/23,11,4,0,0,2.75,24.43,8.43
Tanzania,2023,28,8,0,3,3.5,21.43,8.04
Tanzania,2023/24,34,14,0,3,2.43,21.11,7.95
Tanzania,2024,36,24,0,3,1.5,19.59,7.49
Thailand,2019,0,0,0,0,0.0,0.0,0.0
Thailand,2019/20,1,3,0,0,0.33,19.4,6.61
Thailand,2022,1,7,0,0,0.14,14.07,5.36
Thailand,2023,1,13,0,0,0.08,11.13,4.77
Thailand,2023/24,4,18,0,0,0.22,11.54,4.94
Thailand,2024,9,21,0,0,0.43,15.07,5.58
Thailand,2024/25,12,23,0,0,0.52,15.02,5.66
Turkey,2019,0,0,0,0,0.0,0.0,0.0
Turkey,2022,0,4,0,0,0.0,0.0,3.2
Turkey,2023,0,8,0,0,0.0,0.0,3.75
Turkey,2024,1,10,0,1,0.1,9.21,5.12
U.A.E.,2013/14,0,0,0,0,0.0,0.0,0.0
U.A.E.,2015,0,3,0,0,0.0,0.0,6.51
U.A.E.,2015/16,0,6,0,0,0.0,0.0,6.62
U.A.E.,2016/17,6,12,0,0,0.5,16.99,6.51
U.A.E.,2017,6,17,0,0,0.35,18.27,6.74
U.A.E.,2018/19,9,17,0,0,0.53,19.86,6.85
U.A.E.,2019,11,20,0,1,0.55,19.4,6.93
U.A.E.,2019/20,15,20,0,1,0.75,20.55,7.04
U.A.E.,2021/22,24,24,0,1,1.0,20.22,7.1
U.A.E.,2022,32,28,0,1,1.14,22.15,7.34
U.A.E.,2022/23,33,32,0,1,1.03,22.01,7.37
U.A.E.,2023,35,36,0,1,0.97,22.13,7.31
U.A.E.,2023/24,40,40,0,1,1.0,22.8,7.4
U.A.E.,2024,47,48,0,1,0.98,22.61,7.38
U.S.A.,2018/19,0,0,0,0,0.0,0.0,0.0
U.S.A.,2019,0,1,0,1,0.0,0.0,8.85
U.S.A.,2021/22,2,5,0,1,0.4,20.7,7.28
U.S.A.,2022,8,6,1,1,1.33,24.79,7.77
U.S.A.,2024,10,9,1,1,1.11,23.71,7.71
U.S.A.,2024/25,21,17,2,2,1.24,23.35,7.82
Uganda,2019,0,0,0,0,0.0,0.0,0.0
Uganda,2019/20,2,2,0,0,1.0,19.55,7.02
Uganda,2021,3,4,0,0,0.75,20.66,7.02
Uganda,2021/22,8,8,0,1,1.0,20.33,6.9
Uganda,2022,19,9,0,1,2.11,24.83,7.19
Uganda,2022/23,28,13,0,1,2.15,23.88,7.02
Uganda,2023,37,14,0,3,2.64,22.74,7.23
Uganda,2023/24,57,16,0,3,3.56,23.15,7.53
Uganda,2024,69,19,0,3,3.63,23.34,7.54
Uganda,2024/25,70,22,0,3,3.18,22.6,7.36
Vanuatu,2018/19,0,0,0,0,0.0,0.0,0.0
Vanuatu,2019,1,3,0,0,0.33,16.9,6.41
Vanuatu,2019/20,2,7,0,0,0.29,16.06,6.46
Vanuatu,2022,5,9,0,0,0.56,18.48,7.03
Vanuatu,2022/23,10,10,0,0,1.0,21.65,7.3
Vanuatu,2023,13,10,0,0,1.3,22.0,7.51
Vanuatu,2023/24,15,14,0,0,1.07,20.19,7.08
Vanuatu,2024,16,18,0,0,0.89,19.32,6.85
West Indies,2005/06,0,0,0,0,0.0,0.0,0.0
West Indies,2007,0,0,1,0,0.0,0.0,0.0
West Indies,2007/08,1,1,1,0,1.0,22.75,8.38
West Indies,2008,2,4,1,0,0.5,22.05,8.17
West Indies,2008/09,3,4,1,0,0.75,23.55,8.54
West Indies,2009,4,5,2,0,0.8,23.34,8.24
West Indies,2009/10,8,8,2,0,1.0,23.69,8.25
West Indies,2010,8,11,2,0,0.73,22.63,7.92
West Indies,2011,11,15,2,0,0.73,21.07,7.65
West Indies,2011/12,13,17,2,0,0.76,20.89,7.53
West Indies,2012,14,19,2,0,0.74,20.62,7.52
West Indies,2012/13,16,20,2,0,0.8,22.99,7.66
West Indies,2013,23,22,3,1,1.05,24.36,7.84
West Indies,2013/14,23,24,3,1,0.96,24.08,7.8
West Indies,2014,29,30,3,1,0.97,23.9,7.7
West Indies,2014/15,30,31,3,2,0.97,23.78,7.7
West Indies,2015/16,32,32,3,2,1.0,23.79,7.77
West Indies,2016,38,34,3,2,1.12,24.09,7.8
West Indies,2016/17,39,34,3,3,1.15,24.09,7.85
West Indies,2017,39,37,3,3,1.05,23.76,7.78
West Indies,2017/18,45,40,3,3,1.13,24.03,7.76
West Indies,2018,45,42,3,4,1.07,23.71,7.75
West Indies,2018/19,47,47,3,4,1.0,23.4,7.75
West Indies,2019,49,54,3,4,0.91,22.87,7.74
West Indies,2019/20,49,57,3,4,0.86,22.73,7.7
West Indies,2020/21,54,62,3,5,0.87,23.61,7.8
West Indies,2021,56,65,3,6,0.86,23.39,7.83
West Indies,2021/22,62,70,3,9,0.89,23.8,7.91
West Indies,2022,66,82,3,9,0.8,23.81,7.93
West Indies,2022/23,70,88,3,10,0.8,23.71,7.91
West Indies,2023,73,93,3,10,0.78,23.65,7.95
West Indies,2023/24,76,95,3,10,0.8,23.77,7.96
West Indies,2024,80,99,3,10,0.81,23.87,8.05
West Indies,2024/25,91,101,3,10,0.9,24.45,8.12
World-XI,2017/18,0,0,0,0,0.0,0.0,0.0
Zimbabwe,2006/07,0,0,0,0,0.0,0.0,0.0
Zimbabwe,2007/08,0,1,0,0,0.0,0.0,6.15
Zimbabwe,2008/09,1,2,0,0,0.5,19.94,6.68
Zimbabwe,2009/10,2,4,1,0,0.5,18.68,6.81
Zimbabwe,2010,3,4,1,0,0.75,17.65,6.62
Zimbabwe,2010/11,3,8,1,0,0.38,16.62,6.42
Zimbabwe,2011,3,10,1,0,0.3,18.85,6.77
Zimbabwe,2011/12,3,12,1,0,0.25,18.32,6.81
Zimbabwe,2012/13,3,16,1,0,0.19,19.2,7.1
Zimbabwe,2013,3,20,1,0,0.15,18.29,6.86
Zimbabwe,2013/14,4,23,1,0,0.17,19.09,6.95
Zimbabwe,2015,6,24,1,0,0.25,20.0,7.04
Zimbabwe,2015/16,7,28,1,0,0.25,20.51,7.09
Zimbabwe,2016,12,38,1,0,0.32,20.4,7.23
Zimbabwe,2017/18,13,40,1,0,0.33,20.34,7.21
Zimbabwe,2018,13,42,1,0,0.31,20.28,7.18
Zimbabwe,2018/19,13,46,1,0,0.28,20.11,7.17
Zimbabwe,2019,13,48,1,0,0.27,19.95,7.16
Zimbabwe,2019/20,15,53,2,0,0.28,20.19,7.29
Zimbabwe,2020/21,18,56,2,0,0.32,20.53,7.34
Zimbabwe,2021,18,62,2,0,0.29,20.45,7.34
Zimbabwe,2022,24,70,2,0,0.34,20.47,7.32
Zimbabwe,2022/23,33,77,2,0,0.43,20.75,7.38
Zimbabwe,2023/24,38,82,2,1,0.46,20.41,7.36
Zimbabwe,2024,46,91,2,1,0.51,20.85,7.41
Zimbabwe,2024/25,48,99,2,1,0.48,20.63,7.4
